City_ID,City,Lat,Lng,Max Temp,Humidity,Cloudiness,Wind Speed,Country,Date
0,delta,5.5,6.0,27.56,82,0,2.23,NG,1707778494
1,isafjordur,66.0755,-23.124,-0.5,81,100,10.05,IS,1707778552
2,bilibino,68.0546,166.4372,-36.87,98,93,1.0,RU,1707778552
3,petropavlovsk-kamchatsky,53.0452,158.6483,-18.08,81,0,4.0,RU,1707778553
4,strathalbyn,-35.2667,138.9,29.25,45,7,4.82,AU,1707778554
5,waitangi,-43.9535,-176.5597,17.12,83,81,3.13,NZ,1707778554
6,vallenar,-28.5708,-70.7581,26.19,47,2,2.83,CL,1707778555
7,verkhniy baskunchak,48.2256,46.7217,1.76,100,100,3.26,RU,1707778556
8,trenggalek,-8.05,111.7167,24.31,93,59,0.65,ID,1707778556
9,wailua homesteads,22.0669,-159.378,25.63,57,0,4.12,US,1707778033
10,brooks,50.5834,-111.8851,1.99,74,100,6.69,CA,1707778160
11,mata-utu,-13.2816,-176.1745,28.25,83,99,8.44,WF,1707778297
12,anadyr,64.75,177.4833,-28.72,75,20,2.0,RU,1707778157
13,avarua,-21.2078,-159.775,29.03,61,75,7.72,CK,1707778559
14,blackmans bay,-43.0167,147.3167,20.96,64,83,0.45,AU,1707778012
15,west island,-12.1568,96.8225,26.99,89,40,2.06,CC,1707778135
16,kodiak,57.79,-152.4072,4.73,87,100,6.17,US,1707778013
17,suva,-18.1416,178.4415,31.71,74,40,3.09,FJ,1707778562
18,vicuna mackenna,-33.9197,-64.3922,19.94,57,8,4.59,AR,1707778563
19,bac lieu,9.285,105.7244,24.89,75,23,5.77,VN,1707778563
20,prabumulih,-3.45,104.25,22.69,98,81,1.39,ID,1707778564
21,punta arenas,-53.15,-70.9167,12.06,58,100,8.75,CL,1707778459
22,campoverde,-8.4753,-74.8058,27.83,90,85,1.2,PE,1707778566
23,la sarre,48.8002,-79.1996,-11.03,93,92,1.97,CA,1707778567
24,port-aux-francais,-49.35,70.2167,7.29,91,69,13.35,TF,1707778027
25,iqaluit,63.7506,-68.5145,-26.84,68,75,5.66,CA,1707778018
26,whitehorse,60.7161,-135.0538,-0.5,65,75,4.63,CA,1707778569
27,talnakh,69.4865,88.3972,-34.34,86,15,1.42,RU,1707778569
28,alaghsas,17.0187,8.0168,23.09,9,0,5.05,NE,1707778570
29,grytviken,-54.2811,-36.5092,3.34,95,100,2.23,GS,1707778016
30,acarau,-2.8856,-40.12,28.14,83,72,9.44,BR,1707778571
31,adamstown,-25.066,-130.1015,24.8,89,100,7.6,PN,1707778005
32,otjimbingwe,-22.35,16.1333,27.29,52,100,1.46,NA,1707778572
33,hamilton,39.1834,-84.5333,9.29,54,0,3.6,US,1707778041
34,hell-ville,-13.4,48.2667,26.72,79,100,0.98,MG,1707778574
35,riberalta,-10.9833,-66.1,25.11,94,100,2.06,BO,1707778575
36,sisimiut,66.9395,-53.6735,-24.02,85,24,2.68,GL,1707778575
37,st. john's,47.5649,-52.7093,2.1,93,75,6.69,CA,1707778426
38,grand falls-windsor,48.9332,-55.6649,-2.2,94,98,1.49,CA,1707778577
39,vila franca do campo,37.7167,-25.4333,18.27,99,66,8.26,PT,1707778577
40,georgetown,5.4112,100.3354,26.96,74,20,3.6,MY,1707777741
41,papatowai,-46.5619,169.4708,18.25,49,100,1.48,NZ,1707778019
42,bubaque,11.2833,-15.8333,26.6,71,0,7.31,GW,1707778579
43,nantucket,41.2835,-70.0995,3.41,87,0,2.06,US,1707778434
44,horta,38.5333,-28.6333,16.68,88,100,9.83,PT,1707778581
45,novodvinsk,64.4165,40.8122,-25.68,100,60,1.24,RU,1707778581
46,kailua-kona,19.6406,-155.9956,26.98,67,0,4.12,US,1707778583
47,bossangoa,6.4926,17.4552,25.92,21,39,1.14,CF,1707778583
48,east london,-33.0153,27.9116,22.47,84,0,8.35,ZA,1707778584
49,hawaiian paradise park,19.5933,-154.9731,27.24,73,40,4.63,US,1707778022
50,mendoza,-32.8908,-68.8272,28.74,18,0,3.09,AR,1707778585
51,nechi,8.0942,-74.7757,29.72,72,75,0.38,CO,1707778586
52,salahonda,2.1019,-78.7217,27.17,87,83,4.59,CO,1707778587
53,invercargill,-46.4,168.35,20.57,57,100,4.02,NZ,1707778588
54,enewetak,11.3474,162.3373,26.36,78,99,9.75,MH,1707778588
55,olonkinbyen,70.9221,-8.7187,-1.28,85,100,7.19,SJ,1707778031
56,tazacorte,28.629,-17.9293,20.54,94,100,4.63,ES,1707778590
57,iquitos,-3.7481,-73.2472,30.02,74,20,1.03,PE,1707778590
58,puerto natales,-51.7236,-72.4875,11.13,68,100,2.51,CL,1707778003
59,tiksi,71.6872,128.8694,-32.9,100,100,0.71,RU,1707778148
60,bredasdorp,-34.5322,20.0403,19.37,93,23,2.7,ZA,1707778592
61,edinburgh of the seven seas,-37.0676,-12.3116,17.56,72,83,7.06,SH,1707778028
62,mount pearl,47.5166,-52.7813,1.64,94,75,6.69,CA,1707778594
63,bakanas,44.8081,76.2772,-4.67,66,24,4.05,KZ,1707778594
64,tangalle,6.024,80.7911,21.81,86,44,1.05,LK,1707778595
65,amroha,28.9167,78.4667,12.91,44,100,1.25,IN,1707778596
66,rio gallegos,-51.6226,-69.2181,16.03,39,0,7.2,AR,1707778596
67,hithadhoo,-0.6,73.0833,26.12,87,100,6.9,MV,1707778597
68,mandvi,22.8333,69.3667,19.09,29,78,4.79,IN,1707778597
69,lesnoy,57.6198,63.0784,-13.0,92,100,2.52,RU,1707778356
70,vilyuchinsk,52.9306,158.4028,-17.26,82,6,3.05,RU,1707778599
71,aasiaat,68.7098,-52.8699,-30.55,94,86,1.56,GL,1707778344
72,buchanan,5.8808,-10.0467,27.57,86,98,3.38,LR,1707778600
73,ancud,-41.8697,-73.8203,13.88,74,10,3.33,CL,1707778601
74,stanley,54.868,-1.6985,4.6,85,40,7.72,GB,1707778602
75,bayanhongor,46.7167,100.1167,-23.49,89,71,2.15,MN,1707778602
76,auchi,7.0667,6.2667,29.02,42,0,2.37,NG,1707778603
77,antsiranana,-12.2787,49.2917,25.11,87,56,3.86,MG,1707778604
78,klyuchi,52.2667,79.1667,-13.72,87,67,4.13,RU,1707778605
79,curitiba,-25.504,-49.2908,27.08,59,40,3.6,BR,1707778254
80,daru,-9.0763,143.2092,27.08,84,93,3.59,PG,1707778606
81,port mathurin,-19.6833,63.4167,27.26,85,60,8.93,MU,1707778037
82,hermanus,-34.4187,19.2345,21.0,90,75,1.71,ZA,1707778011
83,jamestown,42.097,-79.2353,2.51,71,0,2.06,US,1707778031
84,lagoa formosa,-18.7786,-46.4075,23.34,64,64,1.89,BR,1707778609
85,codrington,-38.2667,141.9667,22.19,46,77,4.3,AU,1707778610
86,bethel,41.3712,-73.414,5.17,70,0,1.54,US,1707778038
87,kayangel,8.0823,134.7173,27.2,81,98,11.73,PW,1707778612
88,nar'yan-mar,67.6713,53.087,-32.72,100,64,2.24,RU,1707778150
89,menongue,-14.6585,17.691,18.26,93,75,1.26,AO,1707778613
90,hailar,49.2,119.7,-12.06,95,99,4.18,CN,1707778614
91,uturoa,-16.7333,-151.4333,26.65,95,100,10.46,PF,1707778614
92,ilulissat,69.2167,-51.1,-31.21,70,90,0.46,GL,1707778615
93,qianzhou,28.3167,109.7167,13.3,72,100,0.95,CN,1707778515
94,cabo san lucas,22.8909,-109.9124,24.78,59,0,4.39,MX,1707778429
95,nova sintra,14.8667,-24.7167,20.42,81,79,3.92,CV,1707778617
96,la puebla de montalban,39.863,-4.3592,13.62,83,91,3.09,ES,1707778618
97,port shepstone,-30.7414,30.455,22.07,81,27,8.01,ZA,1707778618
98,college,64.8569,-147.8028,-3.22,79,75,0.0,US,1707778039
99,farkhar,36.5729,69.8578,6.6,39,100,3.0,AF,1707778619
100,kudahuvadhoo,2.6708,72.8944,26.44,79,100,4.66,MV,1707778620
101,ierapetra,35.01,25.7353,13.97,71,5,0.89,GR,1707778621
102,badger,64.8,-147.5333,-3.26,83,75,0.0,US,1707778621
103,puerto carreno,6.189,-67.4859,34.99,43,20,1.54,CO,1707778622
104,riyadh,24.6877,46.7219,13.08,68,27,2.81,SA,1707778548
105,coquimbo,-29.9533,-71.3436,19.85,77,20,5.66,CL,1707778623
106,ribeira grande,38.5167,-28.7,17.1,88,96,9.83,PT,1707778152
107,utrik,11.2278,169.8474,26.32,77,100,9.49,MH,1707778039
108,colonia,50.9333,6.95,6.09,84,75,1.54,DE,1707778360
109,albany,42.6001,-73.9662,3.23,67,100,0.45,US,1707778626
110,motueka,-41.1333,173.0167,21.17,58,6,2.68,NZ,1707778627
111,labrador city,52.9463,-66.9114,-11.05,80,100,1.54,CA,1707778576
112,thompson,55.7435,-97.8558,-7.91,79,100,3.6,CA,1707778628
113,belinskiy,52.9647,43.4165,1.04,100,100,3.6,RU,1707778629
114,kapuskasing,49.4169,-82.4331,-5.95,73,75,2.57,CA,1707778629
115,rapid valley,44.0625,-103.1463,7.09,57,100,3.58,US,1707778630
116,san antonio de pale,-1.4014,5.6325,28.4,82,46,2.02,GQ,1707778631
117,flagstaff,35.1981,-111.6513,8.62,45,0,2.06,US,1707778336
118,newman,37.3138,-121.0208,16.83,57,100,1.34,US,1707778632
119,luena,-11.7833,19.9167,23.1,73,38,2.06,AO,1707778633
120,robertsport,6.7533,-11.3686,27.65,87,89,3.28,LR,1707778633
121,rongelap,11.1635,166.8941,26.36,80,93,9.38,MH,1707778634
122,tromso,69.6496,18.957,-4.99,50,0,4.12,NO,1707778361
123,saint-philippe,-21.3585,55.7679,25.77,90,70,2.03,RE,1707778635
124,saipan,15.1355,145.701,26.39,69,20,7.72,MP,1707778636
125,fenoarivo be,-18.4333,46.5667,19.77,92,100,2.46,MG,1707778636
126,vorgashor,67.5833,63.95,-36.88,100,30,1.92,RU,1707778637
127,afaahiti,-17.75,-149.2833,27.93,89,100,14.24,PF,1707778638
128,turbat,26.0023,63.044,19.23,77,100,2.11,PK,1707778638
129,yellowknife,62.456,-114.3525,-9.71,85,40,4.12,CA,1707778639
130,lihue,21.9789,-159.3672,26.58,56,0,4.12,US,1707778640
131,goribidnur,13.6111,77.5167,16.71,83,69,2.6,IN,1707778641
132,korla,41.7597,86.1469,0.17,60,100,4.57,CN,1707778641
133,tralee,52.2704,-9.7026,7.48,83,100,6.33,IE,1707778353
134,port elizabeth,-33.918,25.5701,22.4,88,0,1.34,ZA,1707778643
135,atafu village,-8.5421,-172.5159,28.91,78,100,10.37,TK,1707778643
136,tazovsky,67.4667,78.7,-39.15,100,30,1.27,RU,1707778644
137,holualoa,19.6228,-155.9522,24.91,67,0,4.12,US,1707778645
138,saminaka,10.414,8.6828,23.53,15,1,2.25,NG,1707778645
139,otavalo,0.2333,-78.2667,17.12,87,95,1.23,EC,1707778646
140,arraial do cabo,-22.9661,-42.0278,26.98,78,20,6.17,BR,1707778159
141,oranjemund,-28.55,16.4333,18.27,97,18,3.37,NA,1707778647
142,cuenca,-2.8833,-78.9833,20.07,68,75,1.54,EC,1707778611
143,san clemente del tuyu,-36.3569,-56.7235,16.66,66,81,14.16,AR,1707778649
144,harstad,68.799,16.5293,-3.25,59,100,10.73,NO,1707778650
145,dove valley,39.5777,-104.8294,10.22,34,20,3.09,US,1707778652
146,san andres,12.5847,-81.7006,30.01,70,20,4.12,CO,1707778652
147,kasaragod,12.5,75.0,21.61,71,63,1.93,IN,1707778653
148,al lagowa,11.4,29.1333,25.81,11,54,4.27,SD,1707778654
149,lompoc,34.6391,-120.4579,19.32,64,0,4.63,US,1707778655
150,mabaruma,8.2,-59.7833,24.12,82,35,1.74,GY,1707778655
151,ismailia,30.6043,32.2723,18.31,55,100,5.34,EG,1707778656
152,celestun,20.8667,-90.4,23.31,87,41,10.1,MX,1707778657
153,alofi,-19.0595,-169.9187,28.94,79,75,5.14,NU,1707778657
154,ujae,8.9322,165.7642,27.22,75,93,8.97,MH,1707778658
155,piton saint-leu,-21.2196,55.3151,25.04,83,0,1.03,RE,1707778659
156,cambria,35.5641,-121.0808,19.54,81,85,2.24,US,1707778659
157,san patricio,28.017,-97.5169,18.81,36,0,4.76,US,1707778660
158,port douglas,-16.4833,145.4667,27.54,79,22,2.34,AU,1707778661
159,kerikeri,-35.2268,173.9474,22.68,50,86,1.87,NZ,1707778662
160,khandyga,62.6667,135.6,-22.45,99,100,1.81,RU,1707778663
161,narvik,68.4384,17.4272,-3.33,59,100,4.21,NO,1707778664
162,margaret river,-33.95,115.0667,14.22,79,0,6.4,AU,1707778665
163,ayaviri,-14.8864,-70.5889,11.58,74,91,2.03,PE,1707778666
164,nemuro,43.3236,145.575,-1.85,77,63,7.95,JP,1707778666
165,iskateley,67.6803,53.1512,-32.77,100,46,2.24,RU,1707778149
166,egilsstadir,65.2653,-14.3948,-0.05,100,100,6.69,IS,1707778027
167,nurota,40.5614,65.6886,3.82,65,28,4.75,UZ,1707778669
168,fale old settlement,-9.3852,-171.2468,28.25,83,100,7.31,TK,1707778670
169,winneba,5.3511,-0.6231,27.11,89,5,1.62,GH,1707778671
170,aibak,36.2647,68.0155,8.29,39,60,2.38,AF,1707778672
171,rakops,-21.0167,24.3333,26.31,40,1,6.21,BW,1707778673
172,maragogi,-9.0122,-35.2225,26.2,84,58,3.59,BR,1707778620
173,port arthur,38.8,121.2667,1.12,85,0,4.25,CN,1707778675
174,gao,16.6362,1.637,24.45,8,1,4.95,ML,1707778675
175,inongo,-1.95,18.2667,24.34,84,76,0.37,CD,1707778676
176,port saint john's,-31.6229,29.5448,18.73,97,5,1.51,ZA,1707778677
177,cockburn town,21.4612,-71.1419,24.98,69,40,7.72,TC,1707778677
178,villa gesell,-37.2639,-56.973,17.25,58,100,12.97,AR,1707778678
179,aoulef,26.9667,1.0833,22.23,26,0,2.77,DZ,1707778679
180,panaba,21.2833,-88.2667,25.24,84,0,5.41,MX,1707778680
181,el calafate,-50.3408,-72.2768,12.82,51,100,2.46,AR,1707778680
182,anna regina,7.2644,-58.5077,25.27,83,18,3.97,GY,1707778681
183,lebu,-37.6167,-73.65,14.95,70,0,9.77,CL,1707778143
184,okha,53.5739,142.9478,-15.25,96,96,6.48,RU,1707778683
185,urangan,-25.3,152.9,28.44,77,92,3.58,AU,1707778683
186,constantia,44.1833,28.65,6.5,86,99,5.03,RO,1707778684
187,pollau,47.3,15.8333,6.73,100,60,1.95,AT,1707778685
188,kyosai,34.8503,128.5886,-1.02,77,31,2.83,KR,1707778685
189,taltal,-25.4,-70.4833,20.94,80,99,2.4,CL,1707778687
190,mangrol,21.1167,70.1167,19.57,35,100,4.75,IN,1707778687
191,hengchun,22.0042,120.7439,18.85,62,0,3.84,TW,1707778689
192,puerto baquerizo moreno,-0.9,-89.6,26.55,83,75,2.06,EC,1707778690
193,hampshire,42.3334,-72.5829,4.83,69,99,2.24,US,1707778691
194,yuzhno-kurilsk,44.0306,145.8556,-5.35,80,93,3.9,RU,1707778691
195,boa vista,2.8197,-60.6733,32.99,43,75,3.09,BR,1707778692
196,kindu,-2.95,25.95,21.78,88,89,1.17,CD,1707778693
197,faya-largeau,17.9257,19.1043,23.87,11,0,2.92,TD,1707778694
198,namdrik,5.5994,168.1028,27.99,77,100,9.64,MH,1707778694
199,sao jose da coroa grande,-8.8978,-35.1478,26.34,84,45,3.69,BR,1707778695
200,callao,-12.0667,-77.15,29.84,69,75,5.66,PE,1707778696
201,boguchany,58.3814,97.4531,-16.74,89,100,4.54,RU,1707778697
202,lemvig,56.5486,8.3102,2.33,97,100,1.07,DK,1707778698
203,salobrena,36.7428,-3.5872,19.15,64,52,6.95,ES,1707778698
204,levelland,33.5873,-102.378,7.88,99,50,2.65,US,1707778699
205,ushuaia,-54.8,-68.3,11.81,58,0,1.54,AR,1707778700
206,kawanoecho,34.0167,133.5667,7.04,66,0,1.9,JP,1707778700
207,sadabad,27.45,78.05,12.24,47,41,1.82,IN,1707778701
208,kristiansund,63.1115,7.732,5.36,48,100,2.57,NO,1707778702
209,vilhena,-12.7406,-60.1458,22.12,100,100,3.6,BR,1707778702
210,galliano,29.4422,-90.2992,17.0,47,0,8.23,US,1707778703
211,bima,-8.4667,118.7167,25.62,93,100,0.28,ID,1707778704
212,kingston,17.997,-76.7936,28.53,73,20,8.75,JM,1707778431
213,ribeira brava,32.65,-17.0667,20.4,82,99,2.3,PT,1707778705
214,westport,41.1415,-73.3579,6.29,64,0,2.57,US,1707778706
215,moraleja,40.0162,-6.6977,13.69,94,97,1.58,ES,1707778707
216,luquillo,18.3725,-65.7166,26.96,79,0,3.09,PR,1707778708
217,minas de marcona,-15.2119,-75.1103,21.25,71,13,6.19,PE,1707778708
218,haiku-pauwela,20.9219,-156.3051,27.32,56,20,2.68,US,1707778709
219,isangel,-19.55,169.2667,29.06,89,75,3.09,VU,1707778710
220,puerto ayora,-0.7393,-90.3518,28.98,91,40,1.34,EC,1707778711
221,onega,63.9061,38.1404,-25.08,100,56,1.56,RU,1707778711
222,tvoroyri,61.5556,-6.8111,6.19,70,100,6.29,FO,1707778712
223,lipetsk,52.6031,39.5708,0.68,100,100,2.32,RU,1707778713
224,grand-bassam,5.2118,-3.7388,29.98,87,48,3.79,CI,1707778713
225,sydney mines,46.2367,-60.2177,0.44,80,75,3.09,CA,1707778714
226,cheremshan,54.6667,51.5,-7.81,95,100,5.42,RU,1707778715
227,purranque,-40.9167,-73.1667,21.63,27,3,3.63,CL,1707778716
228,vysokiy,58.35,60.05,-12.77,94,100,2.5,RU,1707778717
229,longyearbyen,78.2186,15.6401,-14.09,85,0,3.09,SJ,1707778133
230,al qusayr,34.5091,36.5798,12.25,59,100,2.43,SY,1707778718
231,walvis bay,-22.9575,14.5053,19.53,82,12,2.57,NA,1707778719
232,ambon,-3.6954,128.1814,26.08,89,40,1.54,ID,1707778720
233,kill devil hills,36.0307,-75.676,11.0,97,100,2.57,US,1707778720
234,chardara,41.2547,67.9692,4.7,62,11,2.44,KZ,1707778721
235,quepos,9.4236,-84.1652,28.98,71,32,1.78,CR,1707778722
236,namibe,-15.1961,12.1522,26.56,74,100,2.59,AO,1707778140
237,kone,-21.0595,164.8658,30.55,54,0,1.66,NC,1707778723
238,elliot,-31.3333,27.85,17.11,64,11,2.27,ZA,1707778724
239,antofagasta,-23.65,-70.4,22.6,83,99,3.61,CL,1707778725
240,port lincoln,-34.7333,135.8667,21.48,59,0,5.09,AU,1707778726
241,batang,-6.4846,110.7083,28.57,74,22,4.79,ID,1707778726
242,soio,-6.1349,12.3689,27.8,87,79,2.74,AO,1707778727
243,zouerate,22.7187,-12.4521,23.63,23,0,2.99,MR,1707778728
244,manokwari,-0.8667,134.0833,26.91,74,59,1.96,ID,1707778728
245,saint-joseph,-21.3667,55.6167,25.21,86,27,4.31,RE,1707778729
246,nuuk,64.1835,-51.7216,-12.66,66,40,6.71,GL,1707778152
247,vadso,70.0744,29.7487,-6.91,86,75,6.69,NO,1707778730
248,ruteng,-8.6136,120.4721,18.51,91,99,0.18,ID,1707778731
249,san luis de la loma,17.2706,-100.8939,27.33,61,15,2.49,MX,1707778732
250,tura,25.5198,90.2201,13.21,27,14,1.59,IN,1707778732
251,tadine,-21.55,167.8833,27.38,79,20,9.0,NC,1707778733
252,luwuk,-0.9516,122.7875,26.1,86,100,1.47,ID,1707778734
253,udachny,66.4167,112.4,-34.68,97,100,3.8,RU,1707778734
254,borcka,41.3632,41.6765,15.2,57,100,4.55,TR,1707778735
255,kushiro,42.975,144.3747,0.53,69,60,4.12,JP,1707778451
256,metlili chaamba,32.2667,3.6333,20.52,43,0,2.06,DZ,1707778736
257,uthal,25.8072,66.6219,20.69,50,100,1.15,PK,1707778737
258,keflavik,64.0049,-22.5624,1.95,86,40,6.69,IS,1707778738
259,callaway,30.153,-85.5699,19.96,87,100,7.2,US,1707778738
260,bemban,2.2684,102.3746,24.89,88,20,1.03,MY,1707778739
261,nyurba,63.2842,118.3319,-25.91,97,100,2.18,RU,1707778740
262,bardai,11.65,7.2333,24.85,12,3,3.78,NG,1707778740
263,taulaga,-11.0553,-171.0883,27.97,85,100,8.72,AS,1707778741
264,oxapampa,-10.5775,-75.4017,17.61,99,97,0.74,PE,1707778742
265,omdurman,15.6445,32.4777,24.34,18,28,4.59,SD,1707778743
266,kapa'a,22.0752,-159.319,26.99,56,0,4.12,US,1707778743
267,lagunas,-5.2269,-75.6753,24.97,96,95,1.21,PE,1707778744
268,tamanrasset,22.785,5.5228,16.95,27,0,2.06,DZ,1707778744
269,mugia,43.1041,-9.2179,14.39,89,91,9.46,ES,1707778745
270,amga,60.8953,131.9608,-36.15,100,98,1.38,RU,1707778746
271,zhaqsy,51.9083,67.3133,-20.43,92,95,3.76,KZ,1707778746
272,marte,12.3611,13.8246,24.32,25,0,3.48,NG,1707778747
273,taseyevo,57.2169,94.8978,-16.23,87,100,4.87,RU,1707778748
274,qarqaraly,49.4058,75.4742,-21.88,85,28,2.77,KZ,1707778749
275,santo antonio,-6.3106,-35.4789,26.93,75,11,5.31,BR,1707778749
276,little chute,44.28,-88.3184,8.11,39,0,3.6,US,1707778750
277,fort mcmurray,56.7268,-111.381,3.77,48,100,6.69,CA,1707778750
278,hualien city,23.9769,121.6044,15.67,66,4,3.19,TW,1707778751
279,gusinoozyorsk,51.2833,106.5,-18.79,90,79,1.73,RU,1707778752
280,carnarvon,-24.8667,113.6333,24.13,83,0,8.45,AU,1707778752
281,sinop,41.7711,34.8709,10.34,57,100,4.1,TR,1707778753
282,sinabang,2.4803,96.3801,26.99,78,1,0.42,ID,1707778754
283,kavieng,-2.5744,150.7967,28.36,76,80,4.11,PG,1707778754
284,luanda,-8.8368,13.2343,28.0,78,20,5.14,AO,1707778735
285,kargil,34.5667,76.1,-14.31,69,100,2.26,IN,1707778756
286,imperatriz,-5.5264,-47.4917,24.19,92,57,2.08,BR,1707778757
287,gardiner,44.2301,-69.7753,3.55,67,95,1.34,US,1707778757
288,rio tuba,8.5061,117.4317,26.0,73,100,2.0,PH,1707778758
289,katsuren-haebaru,26.3369,127.8719,19.43,61,100,3.6,JP,1707778759
290,tocopilla,-22.092,-70.1979,23.52,72,99,3.81,CL,1707778760
291,hammerfest,70.6634,23.6821,-3.75,68,0,3.09,NO,1707778761
292,argo,37.6333,22.7333,10.44,78,15,2.21,GR,1707778761
293,luderitz,-26.6481,15.1594,18.23,88,1,4.61,NA,1707778762
294,el hadjira,32.6134,5.5126,19.57,53,0,5.27,DZ,1707778763
295,ashti,19.3833,76.2333,21.45,31,66,2.76,IN,1707778764
296,vernon,50.2581,-119.2691,9.02,79,36,1.34,CA,1707778553
297,san rafael,-34.6177,-68.3301,24.22,29,7,6.23,AR,1707778642
298,dodola,6.9833,39.1833,13.91,77,78,1.7,ET,1707778766
299,linxia chengguanzhen,35.6003,103.2064,0.24,36,70,1.1,CN,1707778766
300,bani walid,31.7566,13.9942,14.85,59,25,2.93,LY,1707778767
301,mersa matruh,31.3525,27.2453,16.11,51,40,5.14,EG,1707778768
302,ust-nera,64.5667,143.2,-40.78,97,87,0.67,RU,1707778768
303,ilabaya,-17.4208,-70.5133,21.41,82,76,2.08,PE,1707778769
304,tatarsk,55.219,75.9828,-20.89,98,100,3.16,RU,1707778770
305,i-n-salah,27.1935,2.4607,21.52,27,0,2.34,DZ,1707778770
306,lazaro cardenas,17.9583,-102.2,26.81,61,30,4.03,MX,1707778771
307,shaoxing,30.011,120.5715,9.97,81,84,2.16,CN,1707778772
308,santa lucia,27.9117,-15.5407,15.62,83,20,7.2,ES,1707778772
309,dudinka,69.4058,86.1778,-37.4,99,26,1.79,RU,1707778773
310,abu dhabi,24.4667,54.3667,21.64,85,40,2.57,AE,1707778774
311,kourou,5.1552,-52.6478,25.03,93,88,3.76,GF,1707778774
312,chancay,-11.5714,-77.2672,23.68,84,86,4.66,PE,1707778775
313,natal,-5.795,-35.2094,28.36,78,20,4.63,BR,1707778776
314,ouesso,1.6136,16.0517,28.9,35,94,0.42,CG,1707778776
315,ulladulla,-35.35,150.4667,27.68,52,0,3.38,AU,1707778777
316,tara,56.8944,74.371,-26.88,100,98,1.64,RU,1707778778
317,kokopo,-4.352,152.2633,27.03,76,100,3.14,PG,1707778779
318,mpwapwa,-6.35,36.4833,19.58,96,100,1.37,TZ,1707778780
319,chonchi,-42.6128,-73.8092,15.62,48,22,1.8,CL,1707778780
320,cascais,38.6979,-9.4215,17.64,97,99,9.83,PT,1707778781
321,howrah,22.5892,88.3103,18.0,88,40,0.0,IN,1707778782
322,port blair,11.6667,92.75,27.02,78,40,5.14,IN,1707778782
323,berezovyy,51.6667,135.7,-14.82,94,100,1.03,RU,1707778783
324,balkanabat,39.5108,54.3671,13.9,31,18,2.91,TM,1707778784
325,sirjan,29.452,55.6814,6.78,56,0,1.28,IR,1707778784
326,charters towers,-20.1,146.2667,27.27,66,2,4.17,AU,1707778786
327,puerto san jose,13.9256,-90.8244,29.33,58,2,3.73,GT,1707778787
328,poronaysk,49.2167,143.1167,-9.41,92,97,1.58,RU,1707778787
329,castillos,-34.1667,-53.8333,22.41,93,100,3.65,UY,1707778788
330,viseu,40.661,-7.9097,12.07,98,100,1.52,PT,1707778789
331,chernyshevskiy,63.0128,112.4714,-34.32,100,96,1.13,RU,1707778789
332,ispas,48.2973,25.2741,7.89,93,100,3.85,UA,1707778790
333,sao joao da barra,-21.6403,-41.0511,27.05,87,30,6.58,BR,1707778791
334,salinopolis,-0.6136,-47.3561,26.61,84,94,5.05,BR,1707778791
335,moog,8.6011,124.4658,23.71,73,83,1.5,PH,1707778792
336,tofol,5.3248,163.0078,27.88,94,100,5.66,FM,1707778793
337,rio grande,-32.035,-52.0986,29.06,95,82,3.13,BR,1707778562
338,orangeville,43.9168,-80.0997,1.35,60,6,1.06,CA,1707778794
339,wad medani,14.4012,33.5199,25.2,23,48,4.58,SD,1707778794
340,flying fish cove,-10.4217,105.6791,24.82,94,4,1.54,CX,1707778795
341,dakingari,11.6451,4.0605,28.7,11,27,3.57,NG,1707778796
342,tirmiz,37.2242,67.2783,7.05,65,0,2.06,UZ,1707778797
343,pike road,32.2843,-86.103,20.2,88,100,2.24,US,1707778798
344,vuokatti,64.146,28.2697,-27.08,100,83,1.4,FI,1707778798
345,brisas de zicatela,15.8369,-97.0419,29.22,59,7,2.99,MX,1707778800
346,muhlhausen,51.2167,10.45,4.67,94,72,2.43,DE,1707778801
347,yigo village,13.5361,144.8886,27.08,71,20,9.77,GU,1707778804
348,dholka,22.7167,72.4667,18.21,30,100,3.45,IN,1707778807
349,sekong,-6.3996,106.0252,23.62,90,52,0.38,ID,1707778809
350,kuhmo,64.1333,29.5167,-24.01,100,100,1.83,FI,1707778812
351,kruisfontein,-34.0033,24.7314,19.38,57,0,4.45,ZA,1707778814
352,gondar,12.6,37.4667,15.94,24,8,1.61,ET,1707778815
353,palmares do sul,-30.2578,-50.5097,26.37,77,79,1.51,BR,1707778816
354,mbanza kongo,-6.267,14.2401,22.7,96,99,1.54,AO,1707778686
355,dergachi,51.2328,48.7659,0.96,98,100,7.1,RU,1707778818
356,sola,-13.8833,167.55,27.59,72,98,4.4,VU,1707778819
357,fortuna,40.5982,-124.1573,14.4,82,0,1.79,US,1707778820
358,goure,13.9835,10.2704,21.87,10,0,4.04,NE,1707778821
359,lesnikovo,55.2822,65.3175,-17.98,97,77,3.67,RU,1707778823
360,az zulfi,26.2995,44.8154,13.02,66,2,3.04,SA,1707778824
361,kimberley,-28.7323,24.7623,26.22,32,57,4.58,ZA,1707778825
362,letlhakeng,-24.0944,25.0298,22.27,49,45,3.13,BW,1707778826
363,barpeta,26.3167,91.0,14.26,49,29,0.72,IN,1707778827
364,hede,33.7681,120.2517,5.56,88,0,3.55,CN,1707778828
365,qamdo,31.1667,97.2333,-8.69,50,4,1.88,CN,1707778829
366,nadvirna,48.6348,24.5694,6.89,94,100,3.21,UA,1707778831
367,tsiombe,-25.3,45.4833,23.42,94,100,3.84,MG,1707778832
368,ambalangoda,6.2355,80.0538,24.74,86,29,2.1,LK,1707778832
369,tobelo,1.7284,128.0095,26.22,85,39,2.17,ID,1707778833
370,guerrero negro,27.9769,-114.0611,16.74,43,0,3.65,MX,1707778834
371,el alto,-4.2714,-81.2147,28.81,70,36,5.96,PE,1707778835
372,mogocha,53.7333,119.7667,-21.58,87,66,2.1,RU,1707778835
373,brookings,44.3114,-96.7984,5.0,62,0,5.14,US,1707778563
374,pacific grove,36.6177,-121.9166,17.36,74,0,3.09,US,1707778837
375,hulan ergi,47.2042,123.6333,-5.29,72,24,1.65,CN,1707778838
376,luau,-10.7073,22.2247,21.14,83,92,1.46,AO,1707778839
377,taman',45.2117,36.7161,9.13,87,100,4.75,RU,1707778839
378,benito juarez,19.385,-99.165,25.0,18,68,4.02,MX,1707778840
379,massakory,12.996,15.7293,24.62,9,0,4.23,TD,1707778841
380,brak,27.5496,14.2714,17.08,37,0,4.63,LY,1707778841
381,mount isa,-20.7333,139.5,28.87,70,40,0.0,AU,1707778842
382,bay city,43.5945,-83.8889,5.12,55,100,5.66,US,1707778619
383,borgarnes,64.5383,-21.9206,2.03,82,81,7.09,IS,1707778843
384,queenstown,-31.8976,26.8753,17.18,81,0,0.26,ZA,1707778817
385,duncan,34.5023,-97.9578,10.12,43,0,7.2,US,1707778845
386,fort st. john,56.2499,-120.8529,3.94,26,20,6.17,CA,1707778747
387,isiro,2.7739,27.616,23.16,67,79,0.74,CD,1707778846
388,maloye ganyushkino,46.6,49.2667,4.08,85,100,3.62,KZ,1707778847
389,man,7.4125,-7.5538,27.19,43,68,0.56,CI,1707778848
390,mountain home,43.133,-115.6912,9.68,46,0,1.34,US,1707778849
391,monrovia,6.3005,-10.7969,27.61,87,99,3.49,LR,1707778714
392,golere,16.2557,-14.1017,30.16,13,0,2.38,SN,1707778851
393,lenexa,38.9536,-94.7336,10.57,38,11,3.58,US,1707778853
394,kavaratti,10.5669,72.642,27.47,69,68,2.88,IN,1707778855
395,nabire,-3.3667,135.4833,26.67,83,92,0.84,ID,1707778856
396,muisne,0.6,-80.0333,26.66,87,88,3.46,EC,1707778857
397,qaqortoq,60.7167,-46.0333,-3.65,95,100,3.42,GL,1707778859
398,san-pedro,4.7485,-6.6363,27.71,86,85,4.17,CI,1707778860
399,ghat,24.9647,10.1728,16.53,35,0,1.75,LY,1707778862
400,touros,-5.1989,-35.4608,27.55,79,11,6.3,BR,1707778667
401,nanfeng,23.7434,111.7959,13.21,89,9,1.22,CN,1707778867
402,likiep,9.8251,169.3107,26.49,81,100,9.91,MH,1707778868
403,vorkuta,67.5,64.0,-36.6,100,23,2.08,RU,1707778874
404,masuguru,-11.3667,38.4167,22.87,97,100,1.02,TZ,1707778875
405,puerto madero,14.7208,-92.4215,28.46,59,0,5.95,MX,1707778880
406,longboat key,27.4125,-82.659,25.14,54,67,3.58,US,1707778824
407,nishinoomote,30.7333,131.0,14.51,68,17,3.35,JP,1707778884
408,zheleznogorsk-ilimskiy,56.5768,104.1217,-14.24,92,100,3.58,RU,1707778885
409,pont rouge,48.8833,-72.0825,-5.94,95,100,0.6,CA,1707778886
410,thinadhoo,0.5333,72.9333,27.22,81,100,6.4,MV,1707778887
411,dunedin,-45.8742,170.5036,17.3,55,100,1.68,NZ,1707778726
412,coahuayana de hidalgo,18.7,-103.6583,27.15,59,67,2.37,MX,1707778890
413,novoagansk,61.9449,76.6625,-30.07,100,100,2.12,RU,1707778891
414,salalah,17.0151,54.0924,23.04,75,94,1.08,OM,1707778893
415,urzhar,47.093,81.6294,-15.69,77,8,2.26,KZ,1707778894
416,port alfred,-33.5906,26.891,20.31,86,0,1.83,ZA,1707778896
417,robore,-18.3333,-59.75,25.3,87,83,2.54,BO,1707778897
418,mutare,-18.9707,32.6709,16.09,97,19,0.99,ZW,1707778898
419,el bauga,18.262,33.9081,21.26,17,0,3.92,SD,1707778899
420,komsomol'skiy,43.9783,46.6985,7.9,73,92,4.17,RU,1707778901
421,usogorsk,63.4106,48.6872,-26.47,100,100,1.91,RU,1707778902
422,meadow lakes,61.6247,-149.6011,4.99,60,100,6.17,US,1707778903
423,saurimo,-9.6608,20.3916,19.86,87,10,0.9,AO,1707778905
424,katsuura,35.1333,140.3,12.18,64,11,8.77,JP,1707778907
425,neiafu,-18.65,-173.9833,30.38,84,40,3.6,TO,1707778902
426,hobyo,5.3505,48.5268,25.96,81,44,6.22,SO,1707778909
427,burutu,5.3509,5.5076,27.79,84,1,3.35,NG,1707778910
428,igra,57.5558,53.0547,-11.62,95,100,3.25,RU,1707778911
429,rosarito,32.3333,-117.0333,21.07,56,0,5.45,MX,1707778808
430,singera,46.9131,28.9775,9.0,81,0,4.12,MD,1707778913
431,polyarnyy,69.1989,33.4478,-19.13,99,53,4.9,RU,1707778915
432,altoona,40.5187,-78.3947,9.14,63,100,1.45,US,1707778807
433,bria,6.5423,21.9863,28.32,27,64,0.94,CF,1707778917
434,qarauyl,48.9451,79.255,-18.37,78,5,2.47,KZ,1707778918
435,ust'-ilimsk,58.0006,102.6619,-15.43,92,100,4.02,RU,1707778919
436,cruzeiro do sul,-29.5128,-51.9853,28.38,80,71,2.0,BR,1707778920
437,richards bay,-28.783,32.0377,20.44,84,19,3.02,ZA,1707778344
438,usinsk,65.9939,57.5281,-29.4,98,7,1.79,RU,1707778922
439,t'ongch'on-up,38.9539,127.8917,4.99,79,4,4.5,KP,1707778923
440,moundou,8.5667,16.0833,28.52,15,99,2.68,TD,1707778925
441,kolno,53.4115,21.9291,7.8,94,100,4.9,PL,1707778926
442,ola,59.5833,151.2833,-25.19,94,86,2.86,RU,1707778927
443,puerto leguizamo,-0.1934,-74.7819,26.43,79,90,1.53,CO,1707778927
444,trevelin,-43.0858,-71.4639,24.71,39,6,2.15,AR,1707778928
445,shitanjing,39.2342,106.3439,1.2,16,41,1.39,CN,1707778929
446,karratha,-20.7377,116.8463,26.67,84,0,6.63,AU,1707778930
447,revda,56.801,59.9303,-11.2,85,100,2.27,RU,1707778435
448,carboneras,37.0015,-1.9213,14.62,69,92,2.74,ES,1707778933
449,dolores,-36.3132,-57.6792,15.69,64,84,7.94,AR,1707778934
450,van,38.4924,43.3831,1.38,58,100,1.24,TR,1707778648
451,bel ombre,-4.6167,55.4167,28.91,74,40,3.6,SC,1707778936
452,pandan,14.0453,124.1694,25.0,85,95,8.6,PH,1707778936
453,gadzhiyevo,69.2551,33.3362,-19.93,100,64,4.96,RU,1707778940
454,puerto armuelles,8.2833,-82.8667,31.99,57,72,0.45,PA,1707778943
455,lyangasovo,58.5176,49.4472,-10.56,96,100,2.68,RU,1707778951
456,kerema,-7.9631,145.7785,26.0,85,99,3.75,PG,1707778954
457,vanino,49.0869,140.2543,-7.82,89,100,1.97,RU,1707778955
458,susuman,62.7833,148.1667,-44.45,100,81,0.45,RU,1707778956
459,banda aceh,5.5577,95.3222,25.48,79,5,6.25,ID,1707778957
460,lagos,6.5833,3.75,29.18,91,1,0.85,NG,1707778815
461,kununurra,-15.7667,128.7333,25.99,100,40,1.03,AU,1707778959
462,missoula,47.0166,-113.8009,1.03,72,100,1.43,US,1707778959
463,wagenfeld,52.55,8.5833,6.05,93,45,3.98,DE,1707778960
464,timbuktu,16.7735,-3.0074,25.82,7,0,4.77,ML,1707778961
465,manicore,-5.8092,-61.3003,24.02,98,100,0.55,BR,1707778962
466,rengasdengklok,-6.1592,107.2981,25.07,87,65,2.86,ID,1707778963
467,egersund,58.4513,5.9997,1.32,73,68,10.58,NO,1707778881
468,nedroma,35.0136,-1.748,17.27,77,7,2.15,DZ,1707778810
469,howard springs,-12.497,131.047,26.95,96,100,5.9,AU,1707778966
470,turkmenbasy,40.0222,52.9552,14.43,38,0,4.12,TM,1707778968
471,broome,42.2506,-75.833,2.54,80,100,0.0,US,1707778969
472,beloyarskiy,63.7119,66.6722,-36.67,100,30,0.45,RU,1707778970
473,palmer,42.1584,-72.3287,4.36,63,75,3.09,US,1707778971
474,san antonio,29.4241,-98.4936,18.26,34,0,5.14,US,1707778911
475,tallahassee,30.4383,-84.2807,21.11,93,75,3.6,US,1707778541
476,pangoa,-12.1167,-73.0,21.19,99,100,0.75,PE,1707778975
477,harjavalta,61.3167,22.1333,-9.15,70,69,5.57,FI,1707778976
478,balabac,7.9868,117.0645,26.25,83,95,10.26,PH,1707778976
479,kurmuk,10.55,34.2833,25.38,21,25,1.65,SD,1707778977
480,yuzhno-sukhokumsk,44.6581,45.6436,6.97,77,100,3.86,RU,1707778978
481,winnemucca,40.973,-117.7357,8.56,30,90,0.97,US,1707778979
482,rumbek,6.802,29.6912,29.29,22,11,1.73,SS,1707778980
483,arkhangel'sk,64.5401,40.5433,-25.49,75,0,1.0,RU,1707778981
484,kovdor,67.5662,30.4758,-25.53,100,96,1.82,RU,1707778982
485,lotoshino,56.2267,35.6414,-1.9,96,100,3.75,RU,1707778983
486,fray luis beltran,-39.3167,-65.7667,23.5,17,0,3.21,AR,1707778984
487,valley city,46.9233,-98.0032,1.29,69,75,3.6,US,1707778860
488,mahina,-17.5065,-149.489,28.87,79,75,5.14,PF,1707778986
489,jayapura,-2.5333,140.7,25.66,88,98,0.94,ID,1707778987
490,uvira,-3.4067,29.1458,23.7,82,95,1.18,CD,1707778988
491,buala,-8.145,159.5921,29.08,69,72,4.43,SB,1707778990
492,akropong,5.9746,-0.0854,26.53,79,3,2.68,GH,1707778990
493,levuka,50.1834,-105.4011,-2.15,74,75,3.09,CA,1707778991
494,sitka,57.0531,-135.33,4.45,83,65,0.75,US,1707778992
495,moroni,-11.7022,43.2551,26.97,84,100,3.24,KM,1707778993
496,hami,42.8,93.45,-0.83,32,97,5.03,CN,1707778995
497,padang,-0.9492,100.3543,28.03,83,53,1.77,ID,1707778828
498,higuera de zaragoza,25.95,-109.2833,18.14,53,70,6.91,MX,1707778997
499,puerto madryn,-42.7692,-65.0385,16.73,35,15,7.06,AR,1707778998
500,lichinga,-13.3128,35.2406,19.05,94,75,5.14,MZ,1707778999
501,nguigmi,14.2495,13.1092,23.7,18,0,4.39,NE,1707778999
502,chichihualco,17.6833,-99.65,28.87,26,32,1.75,MX,1707779001
503,canutama,-6.5339,-64.3831,23.73,98,100,0.69,BR,1707779002
504,saint-leonard,50.6906,1.6254,7.95,76,40,3.6,FR,1707779003
505,muroto-misakicho,33.2833,134.15,8.05,72,0,1.61,JP,1707779004
506,tolanaro,-25.0319,46.9987,25.04,94,75,3.09,MG,1707778926
507,ponta delgada,37.7333,-25.6667,18.44,82,40,9.26,PT,1707778904
508,severo-yeniseyskiy,60.3725,93.0408,-24.0,96,100,2.69,RU,1707779006
509,santa vitoria do palmar,-33.5189,-53.3681,21.98,95,100,2.28,BR,1707779007
510,hillarys,-31.807,115.7404,18.72,69,0,0.89,AU,1707778771
511,lata,40.1629,-8.3327,15.45,96,93,2.32,PT,1707779009
512,sao vicente,-23.9631,-46.3919,34.1,26,81,0.45,BR,1707778879
513,yerofey pavlovich,53.9667,121.9667,-17.89,94,100,1.64,RU,1707779011
514,verkhnevilyuysk,63.4453,120.3167,-26.43,97,100,2.5,RU,1707779011
515,ma'rib,15.4591,45.3253,19.66,48,45,2.05,YE,1707779012
516,beibei,29.8256,106.4339,9.26,64,100,0.67,CN,1707779013
517,klaksvik,62.2266,-6.589,2.51,82,100,4.46,FO,1707779014
518,santana,-0.0583,-51.1817,27.1,89,75,1.54,BR,1707779015
519,remire-montjoly,4.9167,-52.2667,25.02,94,75,1.03,GF,1707779015
520,khatra,22.9833,86.85,18.48,45,73,1.44,IN,1707779016
521,itoman,26.1247,127.6694,18.01,55,75,2.57,JP,1707779018
522,neijiang,29.5835,105.0622,11.9,60,67,1.35,CN,1707779019
523,alice springs,-23.7,133.8833,25.75,73,99,0.0,AU,1707778817
524,slave lake,55.2834,-114.769,0.99,44,0,7.72,CA,1707778956
525,asyqata,40.8994,68.3611,5.14,65,5,1.43,KZ,1707779022
526,gulf shores,30.246,-87.7008,17.54,72,0,7.2,US,1707779023
527,emerald,-23.5333,148.1667,26.3,68,41,5.94,AU,1707779024
528,concepcion del oro,24.6333,-101.4167,13.9,12,74,1.12,MX,1707779025
529,turaif,31.6725,38.6637,10.14,71,0,5.14,SA,1707779026
530,monteagudo,-19.8167,-63.9833,21.75,92,91,1.1,BO,1707779027
531,markaz-e hukumat-e darweshan,31.1323,64.1934,13.05,22,0,1.75,AF,1707779029
532,farrokh shahr,32.2717,50.9801,-4.41,54,0,1.03,IR,1707779030
533,ngetkib,7.3645,134.5148,27.14,79,99,10.38,PW,1707779031
534,hadibu,12.65,54.0333,24.49,77,20,3.46,YE,1707778962
535,astrakhan,46.3497,48.0408,1.93,100,100,3.0,RU,1707779034
536,fiambala,-27.6871,-67.6149,21.65,76,79,6.05,AR,1707779035
537,jincheng,35.5022,112.8328,3.76,63,0,2.56,CN,1707779036
538,languyan,5.2618,120.0807,26.17,83,50,3.45,PH,1707779037
539,chilaw,7.5758,79.7953,25.01,88,54,8.21,LK,1707779038
540,battagram,34.6772,73.0233,7.93,33,99,2.82,PK,1707779039
541,ashta,23.0167,76.7167,15.89,57,100,2.18,IN,1707779040
542,la ronge,55.1001,-105.2842,-1.86,64,100,0.0,CA,1707779041
543,ankang,32.68,109.0172,9.38,60,0,0.24,CN,1707779042
544,new yekepa,7.5794,-8.5378,25.78,45,86,1.64,LR,1707779044
545,as sulayyil,20.4607,45.5779,16.14,40,4,5.2,SA,1707779045
546,shimoda,34.6667,138.95,10.61,67,22,7.05,JP,1707779046
547,rome,34.257,-85.1647,16.02,86,100,8.23,US,1707779044
548,mili,6.0815,171.735,27.81,74,100,9.57,MH,1707779048
549,almeirim,-1.5233,-52.5817,26.82,79,44,2.87,BR,1707779049
550,maumere,-8.6199,122.2111,26.43,81,100,0.61,ID,1707779050
551,kodinsk,58.6881,99.1844,-13.64,92,100,4.46,RU,1707779052
552,guozhen,34.3659,107.359,5.85,65,0,0.95,CN,1707779053
553,dalnegorsk,44.5604,135.5701,0.89,67,3,3.13,RU,1707779054
554,kosong,38.3788,128.4676,8.27,77,5,4.29,KR,1707779056
555,carmo do rio claro,-20.9719,-46.1189,22.04,73,34,1.73,BR,1707779057
556,pangody,65.85,74.4859,-39.12,99,22,1.78,RU,1707779058
557,acapulco de juarez,16.8634,-99.8901,28.9,61,20,3.09,MX,1707779018
